{
  "name": "angular-resource",
  "version": "1.2.0-rc.3",
  "main": "./angular-resource.js",
  "dependencies": {
    "angular": "1.2.0-rc.3"
  },
  "homepage": "https://github.com/angular/bower-angular-resource",
  "_release": "1.2.0-rc.3",
  "_resolution": {
    "type": "version",
    "tag": "v1.2.0-rc.3",
    "commit": "fc48366d56020cb9a0435dfaaa02792bdf5a1db8"
  },
  "_source": "https://github.com/angular/bower-angular-resource.git",
  "_target": "1.2.0-rc.3",
  "_originalSource": "angular-resource"
}